problem hash,bcake_wtime_ratio,blrat_wtime_ratio,fcake_wtime_ratio,flrat_wtime_ratio,test_baseline/cadical/comb_time,test_baseline/cadical/cpu_pc,test_baseline/cadical/mrs_size,test_baseline/cadical/sys_time,test_baseline/cadical/user_time,test_baseline/cadical/wall_time,test_baseline/status,test_cake_online/cadical/comb_time,test_cake_online/cadical/cpu_pc,test_cake_online/cadical/mrs_size,test_cake_online/cadical/sys_time,test_cake_online/cadical/user_time,test_cake_online/cadical/wall_time,test_cake_online/cadical_cake/comb_time,test_cake_online/cadical_cake/cpu_pc,test_cake_online/cadical_cake/mrs_size,test_cake_online/cadical_cake/sys_time,test_cake_online/cadical_cake/user_time,test_cake_online/cadical_cake/wall_time,test_cake_online/cake/comb_time,test_cake_online/cake/cpu_pc,test_cake_online/cake/mrs_size,test_cake_online/cake/sys_time,test_cake_online/cake/user_time,test_cake_online/cake/wall_time,test_cake_online/ctime_ratio,test_cake_online/mrs_ratio,test_cake_online/status,test_cake_online/wtime_ratio,test_gen_lrat/cadical/comb_time,test_gen_lrat/cadical/cpu_pc,test_gen_lrat/cadical/mrs_size,test_gen_lrat/cadical/sys_time,test_gen_lrat/cadical/user_time,test_gen_lrat/cadical/wall_time,test_gen_lrat/status,test_lrat_llvm_online/cadical/comb_time,test_lrat_llvm_online/cadical/cpu_pc,test_lrat_llvm_online/cadical/mrs_size,test_lrat_llvm_online/cadical/sys_time,test_lrat_llvm_online/cadical/user_time,test_lrat_llvm_online/cadical/wall_time,test_lrat_llvm_online/cadical_lrat_checker/comb_time,test_lrat_llvm_online/cadical_lrat_checker/cpu_pc,test_lrat_llvm_online/cadical_lrat_checker/mrs_size,test_lrat_llvm_online/cadical_lrat_checker/sys_time,test_lrat_llvm_online/cadical_lrat_checker/user_time,test_lrat_llvm_online/cadical_lrat_checker/wall_time,test_lrat_llvm_online/ctime_ratio,test_lrat_llvm_online/lrat_checker/comb_time,test_lrat_llvm_online/lrat_checker/cpu_pc,test_lrat_llvm_online/lrat_checker/mrs_size,test_lrat_llvm_online/lrat_checker/sys_time,test_lrat_llvm_online/lrat_checker/user_time,test_lrat_llvm_online/lrat_checker/wall_time,test_lrat_llvm_online/mrs_ratio,test_lrat_llvm_online/status,test_lrat_llvm_online/wtime_ratio
002a0330958a14deb23dcc84b5489e8a,1.108,1.030,1.081,1.006,73.820,100.000,170328,0.080,73.740,73.820,success,78.810,96.000,170200,0.290,78.520,81.290,115.770,141.000,16778956,3.750,112.020,81.760,36.930,45.000,16778956,3.450,33.480,81.750,0.469,98.584,success,1.006,75.520,99.000,170560,0.340,75.180,75.630,success,75.970,99.000,170376,0.160,75.810,76.050,78.400,103.000,170376,0.220,78.180,76.070,0.032,2.420,3.000,66300,0.060,2.360,76.070,0.389,success,1.000
004b0f451f7d96f6a572e9e76360f51a,1.374,1.244,1.140,1.032,60.280,100.000,858528,1.210,59.070,60.280,success,67.070,81.000,818384,1.030,66.040,82.520,91.860,110.000,16779024,4.100,87.760,82.850,24.780,29.000,16779024,3.060,21.720,82.840,0.369,20.503,success,1.004,72.630,99.000,816216,0.970,71.660,72.690,success,73.530,98.000,854456,1.460,72.070,74.840,75.840,101.000,854456,1.630,74.210,74.980,0.031,2.300,3.000,350948,0.170,2.130,74.980,0.411,success,1.002
00aefd1fc30c425075166ca051e57218,2.716,1.152,2.433,1.032,27.580,99.000,1069344,0.790,26.790,27.590,success,34.170,45.000,1067584,0.890,33.280,74.450,89.140,118.000,16779172,4.090,85.050,74.930,54.950,73.000,16779172,3.190,51.760,74.920,1.608,15.717,success,1.006,30.790,99.000,1312420,0.860,29.930,30.800,success,30.050,94.000,1071412,0.870,29.180,31.730,32.660,102.000,1071412,1.010,31.650,31.790,0.086,2.590,8.000,718952,0.130,2.460,31.790,0.671,success,1.002
01d142c43f3ce9a8c5ef7a1ecdbb6cba,1.387,1.045,1.305,0.983,11.750,100.000,18656,0.010,11.740,11.750,success,12.970,82.000,17340,0.040,12.930,15.790,26.590,163.000,16778964,3.350,23.240,16.300,13.600,83.000,16778964,3.300,10.300,16.290,1.049,967.645,success,1.032,12.450,99.000,17640,0.110,12.340,12.490,success,12.150,99.000,17264,0.040,12.110,12.270,13.010,105.000,38744,0.100,12.910,12.280,0.070,0.850,6.000,38744,0.060,0.790,12.280,2.244,success,1.001
02627689047d06fbb642eef14768d751,1.508,1.316,1.182,1.032,24.850,99.000,381084,0.450,24.400,24.860,success,28.830,77.000,376504,0.410,28.420,37.020,42.990,114.000,16779064,3.500,39.490,37.490,14.150,37.000,16779064,3.090,11.060,37.490,0.491,44.565,success,1.013,31.690,99.000,376696,0.420,31.270,31.720,success,32.100,98.000,377692,0.510,31.590,32.660,33.220,101.000,377692,0.610,32.610,32.720,0.034,1.100,3.000,163496,0.090,1.010,32.720,0.433,success,1.002
0294158664d9ada36bd23fbb652cb823,1.144,0.968,1.197,1.013,839.970,99.000,204024,0.300,839.670,839.990,success,849.580,88.000,155672,4.720,844.860,960.590,1520.540,158.000,16778976,11.090,1509.450,961.060,670.950,69.000,16778976,6.370,664.580,961.060,0.790,107.784,success,1.000,801.620,99.000,180028,6.150,795.470,802.950,success,797.130,97.000,179728,2.770,794.360,813.480,857.380,105.000,192628,4.960,852.420,813.520,0.076,60.230,7.000,192628,2.180,58.050,813.520,1.072,success,1.000
02c6fe8483e4f4474b7ac9731772535d,1.358,1.190,1.343,1.176,315.590,99.000,2397460,5.290,310.300,315.710,success,353.180,82.000,2532448,4.110,349.070,428.430,462.420,107.000,16778920,7.700,454.720,428.870,109.230,25.000,16778920,3.590,105.640,428.870,0.309,6.626,success,1.001,319.030,99.000,2448428,5.020,314.010,319.230,success,368.440,98.000,2475636,5.460,362.980,375.380,378.290,100.000,2475636,6.200,372.090,375.550,0.027,9.830,2.000,1055972,0.730,9.100,375.550,0.427,success,1.000
0398e6b20de133ba8b49c74b67dad7b7,1.065,1.020,1.043,0.999,205.440,100.000,95240,0.090,205.350,205.440,success,212.810,97.000,92516,0.870,211.940,218.240,318.780,145.000,16778972,4.580,314.200,218.710,105.950,48.000,16778972,3.700,102.250,218.700,0.498,181.363,success,1.002,209.270,99.000,94200,0.730,208.540,209.620,success,209.120,99.000,93832,0.440,208.680,209.470,216.770,103.000,93832,0.690,216.080,209.500,0.037,7.640,3.000,89116,0.250,7.390,209.500,0.950,success,1.000
03c44a93577c98119dc498053888937a,1.059,1.015,1.036,0.993,600.080,100.000,120140,0.230,599.850,600.080,success,622.850,98.000,101316,1.680,621.170,635.250,861.410,135.000,16779016,6.160,855.250,635.730,238.550,37.000,16779016,4.480,234.070,635.720,0.383,165.611,success,1.001,612.540,99.000,116504,1.610,610.930,613.460,success,608.130,99.000,122520,0.970,607.160,608.890,626.360,102.000,157804,1.780,624.580,608.920,0.030,18.210,2.000,157804,0.800,17.410,608.920,1.288,success,1.000
04157f716c1e9606c6a530657bf8f957,1.194,1.255,0.936,0.984,1838.960,99.000,3995928,19.140,1819.820,1838.980,success,2138.130,97.000,3993340,16.460,2121.670,2195.350,2444.660,111.000,16778964,20.700,2423.960,2195.730,306.500,13.000,16778964,4.230,302.270,2195.730,0.143,4.202,success,1.000,2343.730,99.000,3994592,22.420,2321.310,2345.190,success,2307.010,99.000,3995960,20.740,2286.270,2308.190,2334.230,101.000,3995960,21.860,2312.370,2308.640,0.012,27.210,1.000,1348188,1.110,26.100,2308.640,0.337,success,1.000
0447371bb8a97e8fe5d3cee6de1db766,1.424,1.180,1.218,1.010,187.230,99.000,290484,0.150,187.080,187.230,success,235.730,88.000,303080,1.350,234.380,266.130,405.400,152.000,16779088,5.170,400.230,266.590,169.650,63.000,16779088,3.810,165.840,266.590,0.720,55.362,success,1.002,218.500,99.000,304292,1.490,217.010,218.910,success,215.450,97.000,304532,0.790,214.660,220.940,232.240,105.000,304532,1.340,230.900,220.990,0.078,16.770,7.000,141392,0.540,16.230,220.990,0.464,success,1.000
047c92e7c0a36a23d8107f4313517719,1.029,1.017,1.012,1.000,927.010,99.000,134252,0.180,926.830,927.020,success,948.160,99.000,124992,1.240,946.920,953.400,1168.510,122.000,16779028,5.600,1162.910,953.890,220.330,23.000,16779028,4.350,215.980,953.880,0.232,134.241,success,1.001,941.980,99.000,136644,1.490,940.490,942.960,success,942.950,99.000,134532,0.690,942.260,943.160,959.280,101.000,157688,1.180,958.100,943.190,0.017,16.320,1.000,157688,0.490,15.830,943.190,1.172,success,1.000
07b7859003d84402cbb1ebdc37655d55,1.092,1.023,1.068,1.002,111.680,100.000,65756,0.040,111.640,111.680,success,119.210,98.000,59768,0.510,118.700,121.400,182.760,149.000,16778956,3.890,178.870,121.900,63.530,52.000,16778956,3.370,60.160,121.900,0.533,280.735,success,1.004,113.900,99.000,62216,0.460,113.440,114.090,success,113.530,99.000,66228,0.230,113.300,114.260,120.140,105.000,66228,0.390,119.750,114.270,0.058,6.600,5.000,50360,0.160,6.440,114.270,0.760,success,1.000
0823bc5f954c6366702877556f0d3680,,1.221,,1.148,460.210,100.000,8208864,8.280,451.930,460.210,success,201.730,17.000,6748184,3.870,197.860,1184.830,1014.270,85.000,16779364,3.950,1010.320,1184.680,1014.270,85.000,16779364,3.950,1010.320,1184.670,,,failed,,489.400,99.000,8131916,9.770,479.630,489.620,success,535.580,95.000,8046648,9.670,525.910,561.280,572.400,101.000,8046648,11.710,560.690,562.040,0.069,36.800,6.000,3390828,2.030,34.770,562.040,0.421,success,1.001
0855033e761d91ae367e867c5a569f9e,0.965,0.911,1.059,0.999,95.160,100.000,66884,0.040,95.120,95.170,success,89.330,97.000,65136,0.320,89.010,91.390,124.170,135.000,16778968,3.570,120.600,91.870,34.830,37.000,16778968,3.250,31.580,91.860,0.390,257.599,success,1.005,86.610,99.000,65464,0.250,86.360,86.750,success,86.540,99.000,65032,0.200,86.340,86.640,89.420,103.000,65032,0.290,89.130,86.670,0.033,2.860,3.000,50016,0.080,2.780,86.670,0.769,success,1.000
0a3cb69074519646b0f2933ba7ad2d30,1.906,1.226,1.581,1.017,191.530,99.000,3469800,3.530,188.000,191.540,success,246.890,67.000,3498296,4.070,242.820,364.660,460.600,126.000,16779396,8.350,452.250,365.100,213.690,58.000,16779396,4.280,209.410,365.090,0.866,4.796,success,1.001,230.710,99.000,3498380,3.800,226.910,230.930,success,224.200,95.000,3498016,4.110,220.090,234.620,241.870,102.000,3498016,5.050,236.820,234.870,0.079,17.650,7.000,1455468,0.930,16.720,234.870,0.416,success,1.001
0a514edbeace21927e52d75f2d4a8efd,2.394,1.281,2.182,1.167,345.050,99.000,3123588,3.700,341.350,345.070,success,518.080,62.000,3065064,4.690,513.390,825.670,942.510,114.000,16779532,9.890,932.620,826.060,424.430,51.000,16779532,5.200,419.230,826.050,0.819,5.474,success,1.000,378.440,99.000,3132712,4.450,373.990,378.650,success,421.390,95.000,3129724,5.020,416.370,441.710,450.720,101.000,3129724,6.440,444.280,442,0.070,29.330,6.000,1378848,1.420,27.910,442,0.441,success,1.001
0dc468413b65339fad7e4f981bf2fb1e,1.436,1.026,1.363,0.974,9.670,99.000,64120,0.020,9.650,9.680,success,10.950,81.000,62920,0.090,10.860,13.430,21.700,156.000,16778960,3.110,18.590,13.900,10.730,77.000,16778960,3.010,7.720,13.900,0.980,266.671,success,1.035,10.180,99.000,63096,0.090,10.090,10.200,success,9.800,98.000,63980,0.050,9.750,9.910,10.480,105.000,63980,0.080,10.400,9.930,0.068,0.670,6.000,22612,0.020,0.650,9.920,0.353,success,1.002
0e89b0f96c99f1a6aaaf66c3ae805919,,0.989,,1.008,21.710,100.000,26700,0.010,21.700,21.710,success,,,,,,,0.020,78.000,61200,0.010,0.010,0.030,0.010,73.000,61200,0.010,0.000,0.030,,,failed,,21.280,99.000,26944,0.080,21.200,21.310,success,21.440,99.000,25612,0.040,21.400,21.470,22.290,103.000,25612,0.080,22.210,21.470,0.039,0.830,3.000,15948,0.030,0.800,21.470,0.623,success,1.000
109aa0f5e177c1efb72f133a6f8c723b,1.096,1.049,1.054,1.008,2127.620,100.000,165576,0.200,2127.420,2127.600,success,2289.540,98.000,164300,9.010,2280.530,2331.950,3516.980,150.000,16778972,16.400,3500.580,2332.420,1227.420,52.000,16778972,7.380,1220.040,2332.410,0.536,102.124,success,1.000,2209.960,99.000,166672,10.730,2199.230,2213.670,success,2226.470,99.000,164248,5.080,2221.390,2230.920,2346.040,105.000,314840,8.130,2337.910,2230.980,0.054,119.570,5.000,314840,3.050,116.520,2230.970,1.917,success,1.000
114f1b2ffd86e8a176bcbab664415520,1.336,1.090,1.266,1.033,179.240,99.000,302860,0.270,178.970,179.260,success,217.280,90.000,307632,0.830,216.450,239.020,325.500,135.000,16779588,4.620,320.880,239.470,108.200,45.000,16779588,3.780,104.420,239.470,0.498,54.544,success,1.002,188.910,99.000,307852,0.850,188.060,189.210,success,192.700,98.000,305040,0.620,192.080,195.380,202.490,103.000,305040,0.990,201.500,195.440,0.051,9.770,5.000,223184,0.360,9.410,195.440,0.732,success,1.000
13b13b34fe88f093aca06d6d035ee797,,1.063,,1.050,609.180,99.000,13674372,14.680,594.500,609.190,success,152.600,6.000,11757184,5.030,147.570,2341.630,2214.560,94.000,16779260,3.920,2210.640,2341.390,2214.550,94.000,16779260,3.920,2210.630,2341.380,,,failed,,616.020,99.000,13679632,16.420,599.600,616.220,success,621.340,96.000,13717796,16.570,604.770,646.630,656.030,101.000,13717796,18.940,637.090,647.300,0.056,34.680,5.000,5583668,2.360,32.320,647.300,0.407,success,1.001
161a73825fb50badeedbf8d12e1e043a,1.137,1.069,1.110,1.044,444.030,99.000,2390296,9.350,434.680,444.040,success,467.660,92.000,2454636,9.240,458.420,504.440,621.500,123.000,16778956,12.890,608.610,504.840,153.830,30.000,16778956,3.640,150.190,504.830,0.329,6.836,success,1.001,454.250,99.000,2395276,9.080,445.170,454.620,success,471.780,99.000,2397576,10.230,461.550,474.470,485.260,102.000,2397576,10.850,474.410,474.670,0.029,13.460,2.000,811612,0.610,12.850,474.670,0.339,success,1.000
16a0949c23ac67c57c5773403daaca60,1.739,1.316,1.584,1.199,382.680,99.000,3158824,3.700,378.980,382.690,success,475.840,71.000,3176216,4.350,471.490,664.920,772.080,116.000,16779048,8.900,763.180,665.340,296.220,44.000,16779048,4.540,291.680,665.340,0.623,5.283,success,1.001,419.770,99.000,3176284,4.830,414.940,420.090,success,489.420,97.000,3184436,4.720,484.700,503.390,511.720,101.000,3184436,6.200,505.520,503.680,0.046,22.290,4.000,2089508,1.480,20.810,503.680,0.656,success,1.001
20840b5020649385e3f8f4965de7a123,1.088,1.027,1.017,0.961,553.800,100.000,96820,0.100,553.700,553.790,success,593.830,98.000,93616,2.590,591.240,601.850,914.240,151.000,16779048,6.960,907.280,602.320,320.380,53.000,16779048,4.360,316.020,602.320,0.540,179.233,success,1.001,591.180,99.000,84940,2.670,588.510,592.120,success,566.570,99.000,91772,1.330,565.240,568.850,602.480,105.000,96072,2.170,600.310,568.880,0.063,35.910,6.000,96072,0.840,35.070,568.870,1.047,success,1.000
23e61c50ee2ac5cad1d337572abdebcf,1.466,0.969,1.624,1.073,367.970,100.000,6375140,4.980,362.990,367.970,success,356.170,66.000,6406840,6.120,350.050,539.180,647.900,120.000,16779820,10.540,637.360,539.520,291.710,54.000,16779820,4.410,287.300,539.510,0.819,2.619,success,1.001,331.960,99.000,6407096,6.230,325.730,332.260,success,345.330,97.000,6406712,6.370,338.960,355.910,365.240,102.000,6406712,7.500,357.740,356.410,0.058,19.890,5.000,2871396,1.120,18.770,356.410,0.448,success,1.001
26342c62148962a09872831b7cef8aae,1.048,1.015,1.034,1.002,2074.780,99.000,123104,0.210,2074.570,2074.810,success,2138.620,98.000,126404,6.390,2132.230,2172.990,3099.630,142.000,16778928,13.250,3086.380,2173.460,961.010,44.000,16778928,6.860,954.150,2173.460,0.449,132.740,success,1.000,2097.830,99.000,128160,6.760,2091.070,2101.060,success,2102.130,99.000,142516,3.030,2099.100,2105.090,2192.970,104.000,294272,5.030,2187.940,2105.150,0.043,90.840,4.000,294272,2.000,88.840,2105.150,2.065,success,1.000
26f8332e50a4ba5c371852e3737a3002,1.002,0.980,1.025,1.002,1321.180,100.000,90120,0.100,1321.080,1321.170,success,1307.360,98.000,86520,2.980,1304.380,1323.810,1817.120,137.000,16779036,7.760,1809.360,1324.250,509.750,38.000,16779036,4.780,504.970,1324.240,0.390,193.932,success,1.000,1290.260,99.000,88056,2.660,1287.600,1292.200,success,1293.730,99.000,86588,1.410,1292.320,1294.190,1334.700,103.000,281588,2.680,1332.020,1294.250,0.032,40.960,3.000,281588,1.270,39.690,1294.250,3.252,success,1.000
2c0379771c5313567ea9e230438f203f,1.481,1.254,1.182,1.000,149.710,99.000,1330264,3.980,145.730,149.720,success,192.530,86.000,1330564,4.370,188.160,221.380,254.210,114.000,16778984,7.650,246.560,221.810,61.660,27.000,16778984,3.270,58.390,221.810,0.320,12.610,success,1.002,187.570,99.000,1330552,3.570,184.000,187.690,success,185.910,99.000,1330136,5.690,180.220,187.570,190.530,101.000,1330136,5.990,184.540,187.730,0.025,4.610,2.000,455004,0.290,4.320,187.730,0.342,success,1.001
2c7cb0ff324a42a0699c23317c97a29a,1.137,1.070,1.082,1.018,140.120,100.000,108132,0.020,140.100,140.130,success,153.540,96.000,108140,0.550,152.990,158.920,230.150,144.000,16778996,3.950,226.200,159.390,76.590,48.000,16778996,3.390,73.200,159.380,0.499,155.160,success,1.003,147.060,99.000,115440,0.560,146.500,147.300,success,149.430,99.000,104992,0.270,149.160,149.970,156.070,104.000,104992,0.470,155.600,150,0.044,6.630,4.000,55188,0.200,6.430,149.990,0.526,success,1.000
2f9cb22859718ab6c201726a91cfefe1,1.962,1.239,1.756,1.109,414.760,99.000,8743320,8.020,406.740,414.790,success,509.410,62.000,8838332,8.460,500.950,813.410,894.290,109.000,16779704,13.150,881.140,813.640,384.860,47.000,16779704,4.680,380.180,813.640,0.756,1.899,success,1.000,462.970,99.000,8911732,10.830,452.140,463.250,success,498.660,97.000,8840584,9.650,489.010,513.300,520.780,101.000,8840584,11.050,509.730,513.900,0.044,22.120,4.000,3805360,1.400,20.720,513.890,0.430,success,1.001
3159a02d096424aab6295c76360633a9,,0.961,,0.960,16.770,100.000,20120,0.000,16.770,16.780,success,,,,,,,0.030,100.000,61096,0.010,0.020,0.030,0.010,100.000,61096,0.000,0.010,0.020,,,failed,,16.760,99.000,23756,0.040,16.720,16.790,success,16.110,99.000,20372,0.020,16.090,16.120,16.810,104.000,20372,0.040,16.770,16.120,0.043,0.690,4.000,14932,0.020,0.670,16.120,0.733,success,1.000
351746fa3de2464c903c85e726cfed55,,1.171,,0.939,244.990,99.000,8139684,5.970,239.020,245,success,162.400,14.000,6962360,3.650,158.750,1150.300,1020.700,88.000,16779584,3.910,1016.790,1150.170,1020.700,88.000,16779584,3.910,1016.790,1150.160,,,failed,,305.320,99.000,8590456,7.380,297.940,305.470,success,271.790,95.000,8482960,6.360,265.430,286,292.170,101.000,8482960,7.850,284.320,286.850,0.075,20.350,7.000,3488344,1.480,18.870,286.850,0.411,success,1.003
35ad744923721e37a2f58443179c31a8,1.691,1.074,1.564,0.994,290.500,99.000,1690616,3.050,287.450,290.520,success,382.070,77.000,1699412,3.490,378.580,490.730,558.600,113.000,16778988,7.680,550.920,491.160,176.510,35.000,16778988,4.190,172.320,491.150,0.462,9.873,success,1.001,313.830,99.000,1703728,3.540,310.290,314.070,success,305.010,97.000,1703388,3.440,301.570,311.950,316.600,101.000,1703388,4.290,312.310,312.110,0.038,11.580,3.000,992536,0.850,10.730,312.110,0.583,success,1.001
3666617901c8500d78700dac959729d4,1.304,1.279,0.960,0.941,189.700,99.000,585016,0.780,188.920,189.710,success,222.450,90.000,597388,0.860,221.590,246.960,320.150,129.000,16779068,4.330,315.820,247.410,97.680,39.000,16779068,3.460,94.220,247.400,0.439,28.087,success,1.002,257.480,99.000,594400,1.050,256.430,257.790,success,238.700,98.000,587256,0.750,237.950,242.550,248.800,102.000,587256,1.150,247.650,242.650,0.042,10.080,4.000,244876,0.390,9.690,242.650,0.417,success,1.000
372021735d9e46002b862aa2a038a818,,0.994,,0.954,241.960,99.000,63568,0.040,241.920,241.970,success,,,,,,,0.050,87.000,134500,0.030,0.020,0.070,0.050,85.000,134500,0.030,0.020,0.060,,,failed,,251.580,99.000,62808,0.860,250.720,251.990,success,240.340,99.000,63152,0.490,239.850,240.450,251.090,104.000,63152,0.770,250.320,240.480,0.045,10.730,4.000,47264,0.270,10.460,240.470,0.748,success,1.000
3cbd82017c4a304c014dd87a69f6028c,1.211,1.099,1.159,1.053,1624.110,99.000,4650012,4.050,1620.060,1624.150,success,1811.880,92.000,4655348,7.460,1804.420,1965.940,2610.120,132.000,16778896,13.540,2596.580,1966.320,798.210,40.000,16778896,6.070,792.140,1966.310,0.441,3.604,success,1.000,1693.600,99.000,4655500,8.640,1684.960,1695.900,success,1769.270,99.000,4655400,6.250,1763.020,1785.260,1849.960,103.000,4655400,8.370,1841.590,1785.600,0.046,80.670,4.000,2111140,2.120,78.550,1785.600,0.453,success,1.000
3d2a6e5c2f8f58dee79fd50444009625,1.122,1.045,1.105,1.029,464.770,100.000,2401460,9.000,455.770,464.770,success,487.400,93.000,2401204,8.040,479.360,521.200,641.740,123.000,16778996,11.670,630.070,521.630,154.320,29.000,16778996,3.620,150.700,521.620,0.317,6.988,success,1.001,471.890,99.000,2401596,8.080,463.810,472.230,success,481.940,99.000,2401300,9.780,472.160,485.140,497.050,102.000,2401300,10.360,486.690,485.880,0.031,15.100,3.000,794568,0.580,14.520,485.880,0.331,success,1.002
3d2b0088dccf11d1f82c89b7122c26e1,1.137,1.058,1.117,1.039,429.680,99.000,2414936,9.410,420.270,429.700,success,453.180,92.000,2414808,8.500,444.680,488.270,598.550,122.000,16778996,12.110,586.440,488.660,145.340,29.000,16778996,3.590,141.750,488.660,0.321,6.948,success,1.001,437.260,99.000,2415136,8.320,428.940,437.530,success,450.480,99.000,2414832,10.550,439.930,454.150,464.990,102.000,2414832,11.100,453.890,454.450,0.032,14.500,3.000,785632,0.540,13.960,454.440,0.325,success,1.001
3d4beaebb3d87819ce9ff59e72047ef7,2.338,1.512,2.104,1.360,956.360,99.000,818292,2.100,954.260,956.410,success,1522.560,68.000,848220,7.120,1515.440,2235.500,2792.830,124.000,16779404,15.780,2777.050,2235.910,1270.260,56.000,16779404,8.660,1261.600,2235.900,0.834,19.782,success,1.000,1062.010,99.000,825684,6.880,1055.130,1062.700,success,1377.460,95.000,825328,5.250,1372.210,1445.580,1501.330,103.000,825328,8.650,1492.680,1445.770,0.090,123.850,8.000,793964,3.390,120.460,1445.760,0.962,success,1.000
3fb045f58aaf394165735c39c49fad92,3.237,1.170,2.694,0.973,271.720,99.000,6283836,5.340,266.380,271.730,success,364.220,41.000,6439624,6.310,357.910,879.310,965.530,109.000,16779308,11.190,954.340,879.600,601.290,68.000,16779308,4.870,596.420,879.590,1.651,2.606,success,1.000,326.380,99.000,6233572,7.180,319.200,326.550,success,300.090,94.000,6331988,5.790,294.300,317.320,324.860,102.000,6331988,7.120,317.740,317.890,0.082,24.750,7.000,2249432,1.320,23.430,317.890,0.355,success,1.002
3ff263696219ca9e301b0a1b345eb9aa,1.072,0.985,1.086,0.997,22.640,99.000,25636,0.010,22.630,22.640,success,23.460,98.000,25828,0.060,23.400,23.800,36.100,148.000,16778880,3.210,32.890,24.280,12.630,52.000,16778880,3.150,9.480,24.280,0.538,649.639,success,1.020,22.330,99.000,25852,0.070,22.260,22.360,success,22.270,99.000,25848,0.050,22.220,22.290,23.130,103.000,25848,0.090,23.040,22.300,0.038,0.850,3.000,16520,0.040,0.810,22.300,0.639,success,1.000
41423c03ef173a5b81d6e6776f316fa5,1.061,1.024,1.049,1.012,548.660,100.000,88280,0.060,548.600,548.660,success,572.090,98.000,98652,2.070,570.020,581.750,857.640,147.000,16779044,6.180,851.460,582.200,285.540,49.000,16779044,4.110,281.430,582.190,0.499,170.083,success,1.001,554.280,99.000,88816,2.280,552.000,555.230,success,560.080,99.000,103356,1.030,559.050,561.730,588.950,104.000,154868,1.730,587.220,561.760,0.052,28.860,5.000,154868,0.690,28.170,561.760,1.498,success,1.000
4348c6b9af237291558b154a9de82969,1.552,1.035,1.471,0.981,605.430,99.000,6437496,9.370,596.060,605.460,success,637.520,67.000,6460436,8.960,628.560,939.450,1119.860,119.000,16779596,14.110,1105.750,939.770,482.320,51.000,16779596,5.140,477.180,939.770,0.757,2.597,success,1.000,638.550,99.000,6460208,10.090,628.460,639.040,success,611.020,97.000,6460748,8.380,602.640,626.340,641.660,102.000,6460748,10.230,631.430,626.940,0.050,30.630,4.000,3080044,1.850,28.780,626.940,0.477,success,1.001
43687a48fb119ca61b47c2fc69a71e7d,1.038,1.002,1.060,1.023,81.750,99.000,47792,0.030,81.720,81.760,success,83.330,98.000,47628,0.280,83.050,84.380,120.420,141.000,16778900,4.000,116.420,84.860,37.070,43.000,16778900,3.710,33.360,84.860,0.445,352.291,success,1.006,79.960,99.000,56252,0.210,79.750,80.090,success,81.870,99.000,55004,0.120,81.750,81.920,84.340,102.000,55004,0.200,84.140,81.930,0.030,2.450,2.000,29760,0.070,2.380,81.920,0.541,success,1.000
436d00b6d41912e800e9855d08c75139,1.764,1.169,1.540,1.020,8.570,99.000,257376,0.090,8.480,8.570,success,10.360,70.000,264184,0.120,10.240,14.700,19.840,131.000,14327312,2.930,16.910,15.120,9.450,62.000,14327312,2.800,6.650,15.110,0.912,54.232,success,1.029,9.820,100.000,263124,0.140,9.680,9.820,success,9.700,97.000,264120,0.100,9.600,9.990,10.360,103.000,264120,0.140,10.220,10.020,0.067,0.650,6.000,85428,0.040,0.610,10.020,0.323,success,1.003
4408f3ebfc37275a23ef57cfcc8aba6d,1.636,1.087,1.417,0.942,152.460,99.000,4058128,4.690,147.770,152.480,success,180.410,72.000,4063388,3.790,176.620,249.070,283.620,113.000,16779452,7.270,276.350,249.450,103.200,41.000,16779452,3.480,99.720,249.450,0.572,4.129,success,1.002,175.950,99.000,4063496,4.380,171.570,176.080,success,161.460,97.000,4059560,5.270,156.190,165.590,168.510,101.000,4059560,5.750,162.760,165.800,0.044,7.040,4.000,1620772,0.470,6.570,165.800,0.399,success,1.001
4513c58c16e72a34f9f8518db7baeb9e,1.068,1.045,1.058,1.035,59.060,100.000,44284,0.020,59.040,59.070,success,61.800,98.000,42608,0.330,61.470,62.640,95.780,151.000,16778892,3.560,92.220,63.110,33.960,53.000,16778892,3.220,30.740,63.110,0.550,393.797,success,1.008,59.540,99.000,43240,0.330,59.210,59.640,success,61.670,99.000,42624,0.130,61.540,61.690,64.080,103.000,42624,0.240,63.840,61.700,0.039,2.400,3.000,21232,0.110,2.290,61.700,0.498,success,1.000
488b147304549670f31653c932684e2c,1.103,1.035,1.108,1.040,35.000,99.000,37088,0.020,34.980,35.010,success,36.800,96.000,35696,0.090,36.710,38.110,55.860,144.000,16779028,3.530,52.330,38.600,19.050,49.000,16779028,3.440,15.610,38.590,0.518,470.053,success,1.013,34.780,99.000,35844,0.100,34.680,34.830,success,36.160,99.000,35652,0.040,36.120,36.230,37.600,103.000,35652,0.070,37.530,36.240,0.040,1.430,3.000,17620,0.030,1.400,36.240,0.494,success,1.000
48eacbc152c7710dfd6fe17a8a17199e,1.089,0.985,1.048,0.948,21.390,100.000,26216,0.020,21.370,21.400,success,22.500,98.000,25332,0.080,22.420,22.800,34.910,149.000,16779012,3.250,31.660,23.300,12.400,53.000,16779012,3.170,9.230,23.300,0.551,662.364,success,1.022,22.200,99.000,25816,0.060,22.140,22.230,success,21.040,99.000,25408,0.040,21.000,21.060,21.880,103.000,25408,0.060,21.820,21.070,0.039,0.830,3.000,16104,0.020,0.810,21.070,0.634,success,1.000
4f888358cd62fe7bc602ea6882cdfc6d,1.027,0.986,1.045,1.003,316.030,100.000,46740,0.030,316.000,316.040,success,322.110,99.000,49960,0.690,321.420,324.180,444.630,136.000,16778952,4.250,440.380,324.690,122.500,37.000,16778952,3.550,118.950,324.680,0.380,335.848,success,1.002,310.110,99.000,44996,0.680,309.430,310.590,success,311.530,99.000,43468,0.260,311.270,311.610,322.610,103.000,76776,0.600,322.010,311.630,0.036,11.060,3.000,76776,0.330,10.730,311.630,1.766,success,1.000
567964f034c8ffa65952897ce4927c6c,1.310,1.141,1.220,1.063,102.150,100.000,36888,0.020,102.130,102.150,success,117.480,88.000,32924,0.670,116.810,133.290,231.810,173.000,16779040,4.200,227.610,133.770,114.320,85.000,16779040,3.520,110.800,133.770,0.973,509.629,success,1.004,109.420,99.000,37896,0.840,108.580,109.620,success,111.050,95.000,33560,0.440,110.610,116.560,124.500,106.000,33560,0.760,123.740,116.570,0.121,13.440,11.000,28408,0.320,13.120,116.570,0.846,success,1.000
594b07c07aee036a7aca35d44e2316da,1.064,1.029,1.020,0.987,432.850,99.000,72520,0.090,432.760,432.870,success,454.700,98.000,72420,1.330,453.370,460.070,670.160,145.000,16778948,5.070,665.090,460.560,215.440,46.000,16778948,3.740,211.700,460.560,0.474,231.689,success,1.001,450.550,99.000,79256,1.360,449.190,451.360,success,444.590,99.000,70984,0.800,443.790,445.280,464.760,104.000,82136,1.290,463.470,445.300,0.045,20.150,4.000,82136,0.480,19.670,445.300,1.157,success,1.000
59e596f5f845a2487370950b37ec3db2,1.986,1.156,1.745,1.015,259.020,99.000,8458308,8.210,250.810,259.030,success,298.090,57.000,8485884,8.460,289.630,514.150,576.850,112.000,16779088,12.810,564.040,514.480,278.750,54.000,16779088,4.350,274.400,514.480,0.935,1.977,success,1.001,294.660,99.000,8486072,7.910,286.750,294.840,success,286.090,95.000,8486016,9.010,277.080,298.880,304.220,101.000,8486016,10.240,293.980,299.380,0.063,18.120,6.000,3225756,1.230,16.890,299.380,0.380,success,1.002
5cc5e3d24402696ed4ec03edfa42d663,1.453,1.261,1.100,0.955,85.870,100.000,676580,0.840,85.030,85.880,success,108.740,87.000,695012,1.000,107.740,124.350,156.330,125.000,16779048,4.310,152.020,124.800,47.580,38.000,16779048,3.310,44.270,124.780,0.438,24.142,success,1.004,113.310,99.000,695092,0.920,112.390,113.420,success,106.720,98.000,695048,1.270,105.450,108.240,111.020,102.000,695048,1.500,109.520,108.330,0.040,4.290,3.000,268228,0.230,4.060,108.330,0.386,success,1.001
5d357f1e4b5abc96c90d305f629edd5c,1.711,1.437,1.198,1.006,18.080,99.000,402868,0.390,17.690,18.090,success,23.480,77.000,409076,0.310,23.170,30.490,35.560,114.000,16778888,3.540,32.020,30.960,12.060,38.000,16778888,3.220,8.840,30.960,0.514,41.017,success,1.015,25.810,99.000,433604,0.320,25.490,25.840,success,25.590,98.000,405308,0.440,25.150,25.930,26.430,101.000,405308,0.470,25.960,25.990,0.032,0.830,3.000,136132,0.030,0.800,25.990,0.336,success,1.002
5e04f38ff11cee5d75fb98e12f6a14fc,1.069,0.999,1.065,0.995,31.410,99.000,26300,0.010,31.400,31.420,success,32.710,98.000,25120,0.110,32.600,33.110,51.040,151.000,16778940,3.210,47.830,33.590,18.310,54.000,16778940,3.090,15.220,33.590,0.560,667.951,success,1.014,31.500,99.000,29712,0.120,31.380,31.550,success,31.330,99.000,26876,0.080,31.250,31.370,32.980,105.000,26876,0.160,32.820,31.380,0.052,1.640,5.000,15380,0.070,1.570,31.380,0.572,success,1.000
5f24ae73bb2a0ec3bef68d8a9680f04f,1.015,1.024,1.027,1.035,425.750,100.000,102392,0.150,425.600,425.760,success,428.910,99.000,102328,0.880,428.030,431.760,541.570,125.000,16778940,4.790,536.780,432.240,112.640,26.000,16778940,3.900,108.740,432.240,0.263,163.972,success,1.001,420.390,99.000,95072,1.030,419.360,420.980,success,435.710,99.000,96100,0.440,435.270,435.800,444.280,101.000,96100,0.950,443.330,435.830,0.020,8.540,1.000,89536,0.500,8.040,435.820,0.932,success,1.000
65138afdf7eb054be5131f2b0de84369,1.319,1.048,1.259,1.000,1.660,100.000,19236,0.010,1.650,1.660,success,1.930,92.000,19204,0.020,1.910,2.100,3.200,146.000,2072580,0.420,2.780,2.190,1.260,58.000,2072580,0.400,0.860,2.180,0.653,107.924,success,1.043,1.710,98.000,19452,0.010,1.700,1.740,success,1.710,99.000,19200,0.000,1.710,1.730,1.800,103.000,19200,0.010,1.790,1.740,0.041,0.070,4.000,7784,0.000,0.070,1.740,0.405,success,1.006
6901858f1edbe3b1d327902dab720326,0.674,0.623,1.096,1.012,356.860,100.000,165488,0.240,356.620,356.870,success,232.160,96.000,137644,1.020,231.140,240.050,379.200,157.000,16778976,4.580,374.620,240.500,147.040,61.000,16778976,3.560,143.480,240.490,0.633,121.901,success,1.002,219.160,99.000,134496,1.350,217.810,219.530,success,220.270,99.000,127736,0.670,219.600,222.180,234.350,105.000,127736,1.150,233.200,222.210,0.064,14.060,6.000,64832,0.470,13.590,222.210,0.508,success,1.000
6a3e3d3a65a46608b44d81f9e4621087,1.149,1.048,1.085,0.990,209.890,100.000,122620,0.060,209.830,209.890,success,230.550,95.000,146412,0.760,229.790,240.690,340.480,141.000,16779012,4.440,336.040,241.160,109.920,45.000,16779012,3.680,106.240,241.150,0.477,114.601,success,1.002,221.960,99.000,127436,0.790,221.170,222.300,success,218.520,99.000,146768,0.450,218.070,219.970,229.230,104.000,146768,0.770,228.460,220.010,0.049,10.690,4.000,92912,0.310,10.380,220.010,0.633,success,1.000
6b630aa05142274d965c8fc019db511e,1.089,0.968,1.268,1.127,374.420,99.000,4713772,3.580,370.840,374.430,success,344.280,84.000,4714384,3.790,340.490,407.460,501.160,122.000,16779004,7.320,493.840,407.850,156.870,38.000,16779004,3.530,153.340,407.850,0.456,3.559,success,1.001,321.260,99.000,4714696,4.660,316.600,321.570,success,351.380,97.000,4714256,4.170,347.210,362.130,372.680,102.000,4714256,4.950,367.730,362.540,0.061,21.290,5.000,1587036,0.780,20.510,362.540,0.337,success,1.001
6dd57612dab7692b8c38225bb852ce36,1.428,1.137,1.308,1.041,211.370,99.000,113744,0.110,211.260,211.390,success,255.990,84.000,118544,1.590,254.400,301.440,495.050,163.000,16778976,5.820,489.230,301.910,239.040,79.000,16778976,4.220,234.820,301.900,0.934,141.542,success,1.002,230.290,99.000,118820,1.930,228.360,230.730,success,228.190,95.000,113200,1.090,227.100,240.210,255.480,106.000,168436,1.930,253.550,240.260,0.120,27.270,11.000,168436,0.830,26.440,240.260,1.488,success,1.000
6e3015f2ce1f17e4f2b81dae06d73eec,1.915,1.164,1.827,1.111,881.840,99.000,119620,0.130,881.710,881.840,success,1158.340,68.000,120984,6.210,1152.130,1688.220,2538.360,150.000,16779036,16.160,2522.200,1688.660,1380.000,81.000,16779036,9.940,1370.060,1688.650,1.191,138.688,success,1.000,923.920,99.000,120768,7.130,916.790,924.350,success,933.600,90.000,122408,3.550,930.050,1026.800,1095.940,106.000,122408,7.300,1088.640,1026.820,0.174,162.320,15.000,63780,3.740,158.580,1026.820,0.521,success,1.000
6f956a3f95ccaf35a3de1fe72b9cf79e,1.107,1.064,1.096,1.053,139.970,99.000,56084,0.000,139.970,139.980,success,150.800,97.000,54056,0.740,150.060,154.480,245.310,158.000,16779036,4.090,241.220,154.990,94.500,60.000,16779036,3.350,91.150,154.980,0.627,310.401,success,1.003,141.150,99.000,58332,0.740,140.410,141.400,success,147.500,99.000,53660,0.390,147.110,148.860,157.850,106.000,53660,0.720,157.130,148.870,0.070,10.330,6.000,52700,0.330,10.000,148.870,0.982,success,1.000
7101289c67f4c4ba117ad06ebb7d18a0,1.190,1.115,1.050,0.985,217.940,99.000,92068,0.060,217.880,217.950,success,252.090,97.000,92056,0.830,251.260,258.820,377.970,145.000,16779088,4.320,373.650,259.290,125.860,48.000,16779088,3.480,122.380,259.280,0.499,182.270,success,1.002,246.500,99.000,110156,0.920,245.580,246.910,success,241.990,99.000,99504,0.640,241.350,243.090,254.390,104.000,99504,0.970,253.420,243.120,0.051,12.400,5.000,88392,0.330,12.070,243.120,0.888,success,1.000
73ef1e87dbb7965ecb558e62dedb3a0c,1.085,0.986,1.038,0.944,16.920,100.000,22372,0.000,16.920,16.920,success,17.650,98.000,22404,0.040,17.610,17.890,27.420,149.000,14746140,2.830,24.590,18.350,9.760,53.000,14746140,2.790,6.970,18.340,0.553,658.192,success,1.026,17.640,99.000,21176,0.080,17.560,17.670,success,16.660,99.000,20104,0.030,16.630,16.670,17.340,104.000,20104,0.050,17.290,16.680,0.041,0.680,4.000,14224,0.020,0.660,16.680,0.708,success,1.001
7703f7d1901ff09a0f177c52a1a7c107,2.785,1.295,2.155,1.003,130.590,99.000,3767540,3.450,127.140,130.600,success,181.990,50.000,3823644,4.130,177.860,363.330,417.150,114.000,16779192,8.530,408.620,363.690,235.140,64.000,16779192,4.400,230.740,363.690,1.292,4.388,success,1.001,168.620,99.000,3825200,3.540,165.080,168.760,success,156.870,92.000,3823276,3.880,152.990,168.780,174.180,102.000,3823276,4.800,169.380,169.190,0.110,17.300,10.000,1585888,0.920,16.380,169.190,0.415,success,1.002
78cdffdf5bbb89beb753f9ffab7fa45f,1.478,1.367,1.115,1.032,100.490,99.000,708848,0.690,99.800,100.510,success,133.090,89.000,710532,0.840,132.250,148.160,177.690,119.000,16779216,4.060,173.630,148.570,44.590,30.000,16779216,3.220,41.370,148.560,0.335,23.615,success,1.003,133.130,99.000,710796,1.060,132.070,133.240,success,135.820,98.000,707224,1.060,134.760,137.300,139.900,101.000,707224,1.290,138.610,137.440,0.030,4.060,2.000,269148,0.220,3.840,137.440,0.381,success,1.001
7993005e2949524b293b216ed9c65126,1.083,1.057,1.089,1.062,907.610,100.000,2359532,15.450,892.160,907.610,success,944.060,96.000,2430328,15.330,928.730,982.960,1183.010,120.000,16778996,19.300,1163.710,983.390,238.940,24.000,16778996,3.970,234.970,983.380,0.253,6.904,success,1.000,902.450,99.000,2420592,15.200,887.250,903.050,success,953.290,99.000,2417904,18.300,934.990,957.710,979.680,102.000,2417904,19.230,960.450,959.070,0.028,26.370,2.000,953236,0.920,25.450,959.070,0.394,success,1.001
7a236bb9e1566b80fa7b593a7e973efa,1.063,0.978,1.066,0.982,42.510,100.000,28180,0.010,42.500,42.510,success,44.130,98.000,28152,0.150,43.980,44.680,66.580,147.000,16779064,3.480,63.100,45.170,22.430,49.000,16779064,3.320,19.110,45.160,0.508,596.017,success,1.011,42.290,99.000,28508,0.180,42.110,42.370,success,41.550,99.000,27524,0.120,41.430,41.580,43.180,103.000,27524,0.160,43.020,41.590,0.039,1.630,3.000,26812,0.040,1.590,41.580,0.974,success,1.000
7e5396d6b00b82c2fc0ea1d7c6505afd,1.026,0.997,1.022,0.994,497.600,99.000,110272,0.120,497.480,497.620,success,506.140,99.000,102480,1.070,505.070,510.250,685.980,134.000,16779000,5.160,680.820,510.740,179.830,35.000,16779000,4.090,175.740,510.730,0.355,163.730,success,1.001,498.760,99.000,100224,1.100,497.660,499.510,success,496.150,99.000,100300,0.650,495.500,496.280,512.100,103.000,100300,1.330,510.770,496.320,0.032,15.940,3.000,92188,0.670,15.270,496.310,0.919,success,1.000
7e9318578a6bdd7dfa9fc261be8a0839,1.106,1.014,1.069,0.981,3066.920,100.000,223316,0.390,3066.530,3066.900,success,3336.990,98.000,207512,7.500,3329.490,3390.180,4539.060,133.000,16779016,15.350,4523.710,3390.660,1202.050,35.000,16779016,7.840,1194.210,3390.660,0.360,80.858,success,1.000,3166.140,99.000,200144,8.060,3158.080,3170.690,success,3107.890,99.000,206260,3.860,3104.030,3111.170,3211.860,103.000,578448,6.480,3205.380,3111.260,0.033,103.960,3.000,578448,2.610,101.350,3111.260,2.804,success,1.000
7f4d55b70c61ffc611a58e01d52c19bb,1.053,0.993,1.065,1.005,72.450,99.000,39352,0.010,72.440,72.460,success,75.050,99.000,40380,0.230,74.820,75.770,112.640,147.000,16778964,3.480,109.160,76.270,37.580,49.000,16778964,3.250,34.330,76.270,0.501,415.527,success,1.007,71.490,99.000,39452,0.320,71.170,71.620,success,71.920,99.000,40444,0.160,71.760,71.950,74.590,103.000,44956,0.230,74.360,71.970,0.037,2.660,3.000,44956,0.070,2.590,71.970,1.112,success,1.000
7fe153ced2c966dcdeb42b6714b4d6b7,2.404,1.287,2.104,1.127,898.740,99.000,860880,2.070,896.670,898.770,success,1443.800,66.000,878864,6.980,1436.820,2160.470,2760.560,127.000,16779112,15.990,2744.570,2160.880,1316.750,60.000,16779112,9.010,1307.740,2160.870,0.912,19.092,success,1.000,1026.220,99.000,887260,7.630,1018.590,1027.010,success,1090.580,94.000,886972,4.980,1085.600,1156.820,1211.650,104.000,886972,8.430,1203.220,1156.960,0.111,121.070,10.000,789092,3.450,117.620,1156.950,0.890,success,1.000
81b674a2aa6fbda9b06cf8ea334ddc44,1.128,1.043,1.089,1.007,563.360,100.000,112208,0.090,563.270,563.360,success,614.910,96.000,114120,2.430,612.480,635.200,973.560,153.000,16778972,6.930,966.630,635.700,358.630,56.000,16778972,4.500,354.130,635.690,0.583,147.029,success,1.001,582.560,99.000,113164,2.640,579.920,583.490,success,580.130,98.000,111104,1.180,578.950,587.610,619.520,105.000,111104,2.090,617.430,587.650,0.068,39.380,6.000,99720,0.910,38.470,587.650,0.898,success,1.000
81e73c41a76d7b432cf86c43ffe23986,1.059,1.024,1.036,1.002,2008.880,99.000,126232,0.250,2008.630,2008.890,success,2090.330,98.000,158664,5.420,2084.910,2126.920,2984.030,140.000,16778948,11.950,2972.080,2127.390,893.680,42.000,16778948,6.520,887.160,2127.390,0.428,105.751,success,1.000,2049.850,99.000,148056,5.870,2043.980,2053.010,success,2054.300,99.000,161976,2.970,2051.330,2056.230,2133.110,103.000,311632,4.960,2128.150,2056.290,0.038,78.800,3.000,311632,1.990,76.810,2056.290,1.924,success,1.000
85aa1f0820da17412b8ee803b4a85207,2.095,1.235,1.452,0.856,988.520,99.000,795496,2.200,986.320,988.570,success,1499.390,72.000,862648,6.520,1492.870,2070.360,2611.790,126.000,16779184,14.540,2597.250,2070.690,1112.390,53.000,16779184,8.020,1104.370,2070.680,0.742,19.451,success,1.000,1425.030,99.000,863052,8.170,1416.860,1425.940,success,1167.470,95.000,833380,4.620,1162.850,1220.450,1269.380,103.000,833380,7.400,1261.980,1220.610,0.087,101.910,8.000,776640,2.780,99.130,1220.610,0.932,success,1.000
885c0d25480fe4db3cd5d3b4bc044e76,1.063,0.974,1.077,0.986,56.180,99.000,31024,0.010,56.170,56.180,success,58.590,98.000,31092,0.190,58.400,59.230,89.320,149.000,16779040,3.480,85.840,59.740,30.710,51.000,16779040,3.290,27.420,59.730,0.524,539.658,success,1.009,55.400,99.000,31100,0.140,55.260,55.490,success,54.670,99.000,31192,0.080,54.590,54.700,56.870,103.000,43032,0.170,56.700,54.710,0.040,2.180,4.000,43032,0.080,2.100,54.710,1.380,success,1.000
88bfa72210baef40a2903d95044dc19d,2.161,1.138,1.690,0.890,186.230,100.000,3073848,3.260,182.970,186.230,success,256.680,63.000,3173376,3.780,252.900,402,461.160,114.000,16779368,7.950,453.210,402.400,204.460,50.000,16779368,4.160,200.300,402.400,0.797,5.288,success,1.001,238.060,99.000,3173740,3.360,234.700,238.170,success,203.310,96.000,3166320,3.300,200.010,211.560,216.300,102.000,3166320,4.050,212.250,211.860,0.064,12.970,6.000,1441328,0.740,12.230,211.850,0.455,success,1.001
8c8b72ac19c0f93813b614a18abaf512,2.070,1.163,1.825,1.025,236.420,100.000,7858712,8.240,228.180,236.430,success,271.750,55.000,7924320,8.180,263.570,489.140,547.630,111.000,16779256,12.350,535.280,489.460,275.860,56.000,16779256,4.160,271.700,489.460,1.015,2.117,success,1.001,268.080,99.000,7950864,7.520,260.560,268.150,success,261.810,95.000,7924268,8.850,252.960,274.140,279.330,101.000,7924268,10.100,269.230,274.890,0.067,17.500,6.000,3262976,1.240,16.260,274.890,0.412,success,1.003
8f3d4a4fedf4689ae0e6df362478d551,1.073,1.036,1.028,0.993,1444.610,99.000,147780,0.260,1444.350,1444.620,success,1522.900,98.000,143928,4.500,1518.400,1550.010,2216.780,142.000,16779044,10.530,2206.250,1550.450,693.860,44.000,16779044,6.020,687.840,1550.440,0.456,116.579,success,1.000,1505.270,99.000,158948,4.640,1500.630,1507.700,success,1495.410,99.000,145572,2.070,1493.340,1496.580,1553.840,103.000,306704,3.400,1550.440,1496.640,0.039,58.420,3.000,306704,1.330,57.090,1496.640,2.107,success,1.000
90ec6ff35305fed1d9a87a3ecd87238b,2.684,1.220,2.114,0.961,165.110,99.000,4681884,4.970,160.140,165.130,success,213.340,48.000,4761004,4.970,208.370,442.810,504.610,113.000,16779212,9.340,495.270,443.140,291.250,65.000,16779212,4.360,286.890,443.140,1.365,3.524,success,1.001,209.560,99.000,4755756,4.580,204.980,209.670,success,190.020,94.000,4762908,4.760,185.260,201.010,206.860,102.000,4762908,5.760,201.100,201.470,0.089,16.820,8.000,1847236,0.990,15.830,201.460,0.388,success,1.002
920bbe559da4ea37fd636605316a791c,1.085,0.977,1.104,0.994,13.510,100.000,19408,0.000,13.510,13.520,success,14.110,98.000,22304,0.050,14.060,14.290,21.810,148.000,12252228,2.260,19.550,14.670,7.680,52.000,12252228,2.200,5.480,14.670,0.544,549.329,success,1.027,13.270,99.000,22900,0.040,13.230,13.290,success,13.190,99.000,22380,0.030,13.160,13.200,13.770,104.000,22380,0.040,13.730,13.210,0.043,0.570,4.000,14576,0.000,0.570,13.210,0.651,success,1.001
9e35558ea8ffba630cd8c8f90e14af14,2.612,1.431,2.265,1.241,260.180,99.000,3367600,4.310,255.870,260.180,success,390.810,57.000,3404552,5.900,384.910,679.150,858.400,126.000,16779352,11.490,846.910,679.580,467.580,68.000,16779352,5.590,461.990,679.570,1.196,4.929,success,1.001,299.770,99.000,3404324,6.070,293.700,300.010,success,349.210,93.000,3401764,5.340,343.870,372.060,387.300,104.000,3401764,7.150,380.150,372.270,0.109,38.080,10.000,1423972,1.810,36.270,372.270,0.419,success,1.001
9f901378a6feabcc94019a018a70d42b,1.162,1.022,1.183,1.040,16.110,100.000,26072,0.020,16.090,16.110,success,17.190,94.000,27488,0.110,17.080,18.250,28.020,149.000,15984108,2.990,25.030,18.720,10.810,57.000,15984108,2.870,7.940,18.710,0.629,581.494,success,1.026,15.800,99.000,27796,0.090,15.710,15.820,success,16.370,99.000,28320,0.030,16.340,16.450,17.180,104.000,28320,0.060,17.120,16.460,0.048,0.790,4.000,16312,0.020,0.770,16.460,0.576,success,1.001
a09b0e7764666af044fa7e63dd7e7aef,1.063,1.003,1.049,0.990,237.150,100.000,73476,0.030,237.120,237.150,success,248.450,98.000,72316,0.870,247.580,251.510,375.200,148.000,16778996,4.420,370.780,252.010,126.730,50.000,16778996,3.540,123.190,252,0.510,232.023,success,1.002,239.930,99.000,65876,0.920,239.010,240.330,success,237.370,99.000,67884,0.520,236.850,237.890,249.340,104.000,86788,0.750,248.590,237.920,0.050,11.950,5.000,86788,0.220,11.730,237.920,1.278,success,1.000
a0e98fd44b74e6f255ca1e5a20bc01fd,1.143,0.995,1.121,0.976,795.230,99.000,10134884,30.000,765.230,795.240,success,794.990,87.000,10079160,27.480,767.510,908.950,994.420,109.000,16779148,31.060,963.360,909.090,199.410,21.000,16779148,3.570,195.840,909.090,0.251,1.665,success,1.000,810.470,99.000,10094656,29.180,781.290,810.670,success,789.940,99.000,10050544,26.790,763.150,790.320,800.790,101.000,10050544,27.590,773.200,791.110,0.014,10.830,1.000,3218480,0.790,10.040,791.100,0.320,success,1.001
a1158a2d8c8a1c6da02c2c4fcb32337f,1.093,1.012,1.098,1.016,108.310,99.000,68864,0.060,108.250,108.310,success,112.900,95.000,64516,0.430,112.470,117.850,169.100,142.000,16778956,3.680,165.420,118.360,56.190,47.000,16778956,3.250,52.940,118.350,0.498,260.074,success,1.004,107.680,99.000,66204,0.420,107.260,107.830,success,108.510,99.000,68336,0.220,108.290,109.550,113.600,103.000,68336,0.350,113.250,109.570,0.047,5.080,4.000,51900,0.120,4.960,109.570,0.759,success,1.000
a130a3f95891daed1bfd71c77bd2d8a1,1.257,1.025,1.220,0.995,63.680,100.000,87568,0.050,63.630,63.680,success,70.910,89.000,89272,0.340,70.570,79.580,125.300,156.000,16778972,3.640,121.660,80.050,54.370,67.000,16778972,3.290,51.080,80.050,0.767,187.953,success,1.006,65.470,99.000,89068,0.450,65.020,65.590,success,64.150,98.000,89188,0.280,63.870,65.280,68.680,105.000,89188,0.470,68.210,65.290,0.070,4.520,6.000,68016,0.190,4.330,65.290,0.763,success,1.000
a2609893b71f219f4635d33ef1ff6eca,,0.987,,0.965,425.740,100.000,79452,0.070,425.670,425.750,success,,,,,,,0.040,85.000,116660,0.030,0.010,0.060,0.040,84.000,116660,0.030,0.010,0.050,,,failed,,434.570,99.000,70764,1.230,433.340,435.330,success,419.780,99.000,79524,0.680,419.100,420.230,439.270,104.000,85164,1.070,438.200,420.260,0.046,19.480,4.000,85164,0.390,19.090,420.260,1.071,success,1.000
a2bdae1f9d9695e8cf80cfbbd5f7d61f,1.063,1.025,1.033,0.995,4105.370,100.000,198676,0.520,4104.850,4105,success,4269.170,97.000,234400,10.960,4258.210,4364,6103.580,139.000,16778980,20.720,6082.860,4365,1834.390,42.000,16778980,9.750,1824.640,4365,0.430,71.583,success,1.000,4221.130,99.000,214244,12.350,4208.780,4227,success,4204.430,99.000,202696,5.390,4199.040,4207,4365.140,103.000,582108,9.580,4355.560,4207,0.038,160.710,3.000,582108,4.190,156.520,4207,2.872,success,1.000
a33d32bb816c0da62c7d946c18286a0d,1.058,0.984,1.084,1.008,26.500,100.000,26092,0.000,26.500,26.510,success,27.220,98.000,26148,0.110,27.110,27.570,40.860,145.000,16779076,3.250,37.610,28.050,13.630,48.000,16779076,3.130,10.500,28.050,0.501,641.696,success,1.017,25.830,99.000,26324,0.070,25.760,25.880,success,26.050,99.000,26240,0.050,26.000,26.070,27.000,103.000,26240,0.090,26.910,26.080,0.036,0.930,3.000,25604,0.030,0.900,26.080,0.976,success,1.000
a58badecf3c901594f06d021f54c3a11,1.744,1.180,1.549,1.048,95.750,100.000,5827880,2.840,92.910,95.760,success,106.850,64.000,5848348,2.810,104.040,166.630,184.260,110.000,16779016,6.300,177.960,167.020,77.390,46.000,16779016,3.490,73.900,167.010,0.724,2.869,success,1.002,107.740,99.000,5848640,2.410,105.330,107.790,success,108.690,96.000,5848504,3.280,105.410,112.730,114.720,101.000,5848504,3.930,110.790,112.970,0.055,6.010,5.000,2289468,0.640,5.370,112.970,0.391,success,1.002
a5e0082efb1da4dabaa165c2bda5f85e,2.685,1.248,2.076,0.965,108.970,100.000,3609848,3.110,105.860,108.970,success,152.530,52.000,3643968,3.490,149.040,292.190,338.260,115.000,16779300,7.560,330.700,292.550,185.720,63.000,16779300,4.070,181.650,292.540,1.218,4.605,success,1.001,140.810,99.000,3662756,3.170,137.640,140.920,success,126.820,93.000,3674064,3.370,123.450,135.660,139.710,102.000,3674064,4.210,135.500,136.020,0.101,12.870,9.000,1549452,0.830,12.040,136.020,0.422,success,1.003
a65dfd8b3468d202ff3ba8731018622e,,1.037,,1.023,25.270,99.000,26856,0.010,25.260,25.280,success,,,,,,,0.040,85.000,116180,0.020,0.020,0.060,0.040,84.000,116180,0.020,0.020,0.050,,,failed,,25.570,99.000,25948,0.100,25.470,25.630,success,26.170,99.000,25480,0.040,26.130,26.210,27.480,104.000,25480,0.050,27.430,26.220,0.050,1.300,4.000,16244,0.010,1.290,26.220,0.638,success,1.000
a7aac5c83f236fd8b3de3275e3f5499d,1.133,1.086,1.027,0.985,50.300,100.000,152364,0.130,50.170,50.310,success,54.730,96.000,152840,0.220,54.510,56.520,77.280,135.000,16778992,3.620,73.660,57,22.540,39.000,16778992,3.390,19.150,57,0.412,109.781,success,1.008,55.410,99.000,169268,0.280,55.130,55.490,success,54.540,99.000,152764,0.210,54.330,54.620,56.340,103.000,152764,0.280,56.060,54.650,0.033,1.780,3.000,49064,0.060,1.720,54.650,0.321,success,1.001
a7cb2567e1f5b7ec2f4ba09931e29b96,1.791,1.148,1.536,0.984,472.230,99.000,8600104,8.920,463.310,472.260,success,548.940,64.000,8625840,9.130,539.810,845.480,953.960,112.000,16779424,13.680,940.280,845.810,405.000,47.000,16779424,4.540,400.460,845.800,0.738,1.945,success,1.000,550.280,99.000,8626212,10.100,540.180,550.680,success,525.700,97.000,8625456,10.410,515.290,541.370,550.770,101.000,8625456,11.790,538.980,542,0.048,25.060,4.000,3389756,1.370,23.690,542,0.393,success,1.001
aa4638ca3654f1a300c809125a3133ee,1.695,1.482,1.183,1.035,186.280,99.000,458112,0.600,185.680,186.290,success,271.570,86.000,494752,1.360,270.210,315.260,425.950,134.000,16779068,5.160,420.790,315.710,154.360,48.000,16779068,3.790,150.570,315.710,0.568,33.914,success,1.001,266.590,99.000,501432,1.340,265.250,266.860,success,269.020,97.000,498284,1.260,267.760,276.020,286.850,103.000,498284,1.790,285.060,276.110,0.066,17.810,6.000,249884,0.520,17.290,276.110,0.501,success,1.000
af63ce577d1fea121ba80b4b1d148f0c,1.404,1.338,1.166,1.111,80.040,99.000,719608,0.840,79.200,80.040,success,99.750,89.000,719296,0.710,99.040,111.900,130.420,116.000,16779476,3.980,126.440,112.340,30.650,27.000,16779476,3.260,27.390,112.330,0.307,23.328,success,1.004,96.300,99.000,715532,0.780,95.520,96.380,success,106.030,99.000,715164,1.010,105.020,107,108.760,101.000,715164,1.130,107.630,107.070,0.026,2.730,2.000,202516,0.120,2.610,107.070,0.283,success,1.001
b29cb3449d70126d186e1f6a4fccc419,1.328,1.019,1.349,1.035,239.230,99.000,623648,1.020,238.210,239.260,success,291.920,92.000,648820,1.210,290.710,317.220,398.900,125.000,16779076,4.970,393.930,317.700,106.970,33.000,16779076,3.760,103.210,317.700,0.366,25.861,success,1.002,235.180,99.000,649064,1.340,233.840,235.530,success,239.850,98.000,648756,1.220,238.630,243.650,250.470,102.000,648756,1.620,248.850,243.730,0.044,10.600,4.000,258216,0.390,10.210,243.730,0.398,success,1.000
b344f80cef9889d952c76736d0ad92d9,1.107,1.007,1.077,0.979,191.230,99.000,731608,2.220,189.010,191.230,success,196.430,92.000,732088,2.150,194.280,211.320,268.050,126.000,16778992,5.450,262.600,211.770,71.600,33.000,16778992,3.300,68.300,211.770,0.365,22.919,success,1.002,196.480,99.000,739208,1.980,194.500,196.690,success,190.910,99.000,732012,2.750,188.160,192.490,197.450,102.000,732012,3.030,194.420,192.560,0.034,6.540,3.000,338716,0.280,6.260,192.550,0.463,success,1.000
b3cf73d0383f781adf09a2192fa03a15,2.533,1.381,2.148,1.171,171.920,99.000,2994760,3.300,168.620,171.930,success,255.210,58.000,3034944,3.610,251.600,435.140,548.840,126.000,16779628,8.250,540.590,435.550,293.620,67.000,16779628,4.640,288.980,435.550,1.151,5.529,success,1.001,202.640,99.000,3034756,3.510,199.130,202.790,success,222.770,93.000,3004620,3.690,219.080,237.280,246.790,103.000,3004620,4.930,241.860,237.460,0.108,24.000,10.000,1349740,1.230,22.770,237.460,0.449,success,1.001
b8f9b018d16835c564dcd8395118c79f,1.705,1.164,1.506,1.028,283.580,99.000,6423692,8.190,275.390,283.600,success,324.580,67.000,6501464,7.200,317.380,483.280,542.650,112.000,16779608,11.200,531.450,483.660,218.060,45.000,16779608,4.000,214.060,483.660,0.672,2.581,success,1.001,321.000,99.000,6501432,6.670,314.330,321.210,success,320.540,97.000,6500952,8.290,312.250,329.860,335.100,101.000,6500952,9.340,325.760,330.240,0.045,14.550,4.000,2778748,1.040,13.510,330.240,0.427,success,1.001
b913c17d26ac9f3ad15fa83dc98960c7,1.381,1.130,1.028,0.842,71.470,99.000,708064,0.800,70.670,71.480,success,86.200,87.000,703480,0.770,85.430,98.260,114.350,115.000,16779156,4.090,110.260,98.700,28.130,28.000,16779156,3.310,24.820,98.690,0.326,23.852,success,1.004,95.880,99.000,708616,0.690,95.190,95.990,success,79.740,98.000,708408,0.990,78.750,80.730,82.120,101.000,708408,1.130,80.990,80.800,0.030,2.370,2.000,202276,0.140,2.230,80.800,0.286,success,1.001
b96071f89fa1b1670b8375010b1dd42b,1.086,1.021,1.058,0.995,14.580,100.000,19552,0.000,14.580,14.580,success,15.180,98.000,19580,0.060,15.120,15.440,23.290,147.000,12939852,2.450,20.840,15.840,8.080,51.000,12939852,2.380,5.700,15.830,0.532,660.871,success,1.026,14.940,99.000,19704,0.040,14.900,14.970,success,14.870,99.000,19708,0.040,14.830,14.880,15.480,104.000,19708,0.040,15.440,14.890,0.040,0.600,4.000,14392,0.000,0.600,14.890,0.730,success,1.001
b962abe508e5a677dbce14056111b48b,,1.021,,0.957,377.960,100.000,81440,0.090,377.870,377.970,success,,,,,,,0.100,92.000,235740,0.060,0.040,0.110,0.090,91.000,235740,0.060,0.030,0.110,,,failed,,402.850,99.000,82432,1.150,401.700,403.500,success,385.930,99.000,82600,0.680,385.250,386.060,401.600,104.000,87336,1.100,400.500,386.090,0.041,15.660,4.000,87336,0.420,15.240,386.080,1.057,success,1.000
bb0613595001749a0ada02f2da85bc89,1.072,1.044,1.017,0.991,332.540,99.000,73188,0.080,332.460,332.550,success,350.950,98.000,74732,1.250,349.700,355.970,522.670,146.000,16779024,5.100,517.570,356.470,171.700,48.000,16779024,3.840,167.860,356.460,0.489,224.523,success,1.001,349.750,99.000,86744,1.270,348.480,350.370,success,346.480,99.000,77204,0.590,345.890,347.100,362.430,104.000,89900,0.950,361.480,347.120,0.046,15.930,4.000,89900,0.350,15.580,347.120,1.164,success,1.000
bb80971144a5423532aea9424dade891,1.160,1.006,1.150,0.997,13.240,99.000,15432,0.010,13.230,13.250,success,14.360,96.000,17720,0.050,14.310,14.860,25.740,167.000,16779068,3.130,22.610,15.370,11.360,73.000,16779068,3.070,8.290,15.360,0.791,946.900,success,1.034,13.350,99.000,18020,0.090,13.260,13.370,success,13.140,98.000,17792,0.030,13.110,13.320,14.160,106.000,17792,0.060,14.100,13.330,0.077,1.010,7.000,13452,0.030,0.980,13.330,0.756,success,1.001
bcb2104a3558d87ac3b2107c10d54648,1.289,1.100,1.166,0.995,397.950,100.000,263580,0.320,397.630,397.960,success,458.990,89.000,272016,3.050,455.940,512.640,903.250,176.000,16778968,7.850,895.400,513.100,444.250,86.000,16778968,4.800,439.450,513.090,0.968,61.684,success,1.001,439.140,99.000,215348,3.670,435.470,439.930,success,421.850,96.000,279652,1.800,420.050,437.810,467.260,106.000,279652,3.190,464.070,437.840,0.108,45.380,10.000,187556,1.380,44.000,437.840,0.671,success,1.000
bd5bc8b7711b75f3cd3ad935bf000659,1.011,0.996,0.992,0.977,488.890,99.000,77700,0.120,488.770,488.890,success,490.330,99.000,70096,0.890,489.440,494.020,637.350,128.000,16779056,4.550,632.800,494.480,147.010,29.000,16779056,3.660,143.350,494.470,0.300,239.373,success,1.001,497.760,99.000,69644,0.920,496.840,498.520,success,486.910,99.000,70340,0.430,486.480,487.020,499.590,102.000,79440,1.030,498.560,487.040,0.026,12.670,2.000,79440,0.590,12.080,487.040,1.129,success,1.000
c0df94532b1ca8a705d3af05378f377d,1.103,0.983,1.043,0.930,12.970,100.000,19652,0.000,12.970,12.970,success,13.720,98.000,20172,0.040,13.680,13.930,21.490,150.000,11914996,2.420,19.070,14.300,7.760,54.000,11914996,2.380,5.380,14.300,0.566,590.670,success,1.027,13.680,99.000,20408,0.030,13.650,13.710,success,12.730,99.000,20112,0.030,12.700,12.740,13.290,104.000,20112,0.050,13.240,12.750,0.043,0.550,4.000,14336,0.020,0.530,12.750,0.713,success,1.001
c1b30b4e03c3024ad9d084e29e79aa46,1.100,0.991,1.094,0.986,19.340,100.000,19768,0.010,19.330,19.340,success,20.520,98.000,20436,0.150,20.370,20.780,34.220,160.000,16778952,3.200,31.020,21.270,13.690,64.000,16778952,3.050,10.640,21.260,0.667,821.049,success,1.024,19.410,99.000,23412,0.090,19.320,19.440,success,18.990,99.000,20372,0.060,18.930,19.150,20.300,105.000,20372,0.110,20.190,19.160,0.068,1.290,6.000,14660,0.040,1.250,19.160,0.720,success,1.001
c221c5dc006de79e561124dab52aae82,1.014,0.978,1.015,0.979,791.820,100.000,71652,0.060,791.760,791.820,success,794.960,99.000,71132,1.720,793.240,802.120,1086.520,135.000,16778944,6.210,1080.310,802.580,291.540,36.000,16778944,4.480,287.060,802.570,0.367,235.885,success,1.001,789.930,99.000,71580,1.670,788.260,791.050,success,774.540,99.000,63416,0.790,773.750,774.720,799.260,103.000,148268,1.710,797.550,774.750,0.032,24.720,3.000,148268,0.920,23.800,774.750,2.338,success,1.000
c2894b8d82492f03bb73bbc65896c016,1.401,1.094,1.153,0.900,255.590,99.000,3296944,2.740,252.850,255.610,success,294.500,82.000,3327868,2.610,291.890,357.650,414.970,115.000,16779044,6.200,408.770,358.070,120.450,33.000,16779044,3.580,116.870,358.070,0.409,5.042,success,1.001,310.370,99.000,3327580,2.550,307.820,310.650,success,274.110,98.000,3322312,2.950,271.160,279.520,284.270,101.000,3322312,3.460,280.810,279.660,0.037,10.150,3.000,1075040,0.500,9.650,279.660,0.324,success,1.001
c3b4a96d92da617218449abad4334d6d,0.996,0.967,1.034,1.004,2869.540,99.000,156988,0.300,2869.240,2869.600,success,2812.830,98.000,173308,7.570,2805.260,2857.150,4011.220,140.000,16779016,14.730,3996.490,2857.620,1198.370,41.000,16779016,7.150,1191.220,2857.620,0.426,96.816,success,1.000,2760.150,99.000,158300,8.080,2752.070,2764.280,success,2770.450,99.000,158928,3.790,2766.660,2774.200,2885.240,104.000,300924,6.720,2878.520,2774.270,0.041,114.780,4.000,300924,2.930,111.850,2774.270,1.893,success,1.000
c3de1f05d136b8ec420732ca829f3217,1.611,1.093,1.101,0.747,113.840,99.000,2961180,2.750,111.090,113.850,success,133.190,72.000,2993268,2.600,130.590,183.010,208.580,113.000,16779176,6.060,202.520,183.390,75.380,41.000,16779176,3.460,71.920,183.390,0.566,5.606,success,1.002,166.410,99.000,2995824,2.660,163.750,166.530,success,120.980,97.000,2994588,2.940,118.040,124.200,126.290,101.000,2994588,3.430,122.860,124.440,0.044,5.300,4.000,1000508,0.490,4.810,124.440,0.334,success,1.002
c846dfb21b50596aef8fbe5591d75eb0,,1.537,,1.152,2174.900,99.000,4219688,12.830,2162.070,2174.920,success,,,,,,,0.000,0.000,3600,0.000,0.000,5000,,,,,,,,,failed,,2899.690,99.000,4238216,43.460,2856.230,2901.340,success,2827.740,84.000,4238072,23.020,2804.720,3343.190,3509.980,104.000,4238072,39.620,3470.360,3343.480,0.241,682.230,20.000,2142976,16.590,665.640,3343.480,0.506,success,1.000
c98459d6a1763d809729e276b9c4cbbd,,1.212,,1.132,1317.870,99.000,9948828,15.080,1302.790,1317.880,success,198.680,17.000,8297464,4.240,194.440,1142.710,977.880,85.000,16779468,4.050,973.830,1142.540,977.870,85.000,16779468,4.050,973.820,1142.530,,,failed,,1410.330,99.000,10467516,17.690,1392.640,1411.070,success,1541.730,96.000,10463784,16.320,1525.410,1595.870,1631.010,102.000,10463784,20.530,1610.480,1596.760,0.058,89.270,5.000,4013608,4.210,85.060,1596.760,0.384,success,1.001
c9886f58320a360adbc8db9470563bea,1.103,1.020,1.063,0.983,179.390,99.000,73452,0.030,179.360,179.410,success,191.520,97.000,76548,0.840,190.680,197.420,289.210,146.000,16779028,4.390,284.820,197.920,97.680,49.000,16779028,3.550,94.130,197.910,0.510,219.196,success,1.003,185.910,99.000,76748,0.830,185.080,186.240,success,182.390,99.000,76784,0.420,181.970,183.040,190.750,104.000,76784,0.670,190.080,183.060,0.046,8.340,4.000,53400,0.250,8.090,183.060,0.695,success,1.000
ca6db14aaa04027d2b8af47ec910bd68,1.055,1.002,1.017,0.966,748.530,99.000,2424336,15.170,733.360,748.560,success,758.230,96.000,2346584,13.000,745.230,789.680,927.080,117.000,16779084,16.480,910.600,790.080,168.830,21.000,16779084,3.470,165.360,790.080,0.223,7.150,success,1.001,776.270,99.000,2433268,16.140,760.130,776.680,success,748.310,99.000,2357836,16.600,731.710,749.530,763.490,101.000,2357836,17.350,746.140,749.920,0.020,15.170,2.000,961708,0.750,14.420,749.920,0.408,success,1.001
cac1c09f968ef8654c499156d1292385,1.104,0.988,1.116,0.998,19.770,100.000,21668,0.000,19.770,19.770,success,21.010,98.000,26120,0.060,20.950,21.300,32.490,148.000,16778964,3.160,29.330,21.820,11.470,52.000,16778964,3.100,8.370,21.820,0.546,642.380,success,1.024,19.530,99.000,21952,0.080,19.450,19.560,success,19.520,99.000,25472,0.040,19.480,19.520,20.290,103.000,25472,0.040,20.250,19.530,0.039,0.760,3.000,14940,0.000,0.760,19.530,0.587,success,1.001
cb8f9ffb66d9b5ef663e6759be0b5e4e,1.390,0.991,1.271,0.906,42.890,99.000,690856,0.580,42.310,42.890,success,45.260,76.000,694492,0.390,44.870,59.120,72.420,121.000,16779016,3.760,68.660,59.600,27.150,45.000,16779016,3.370,23.780,59.600,0.600,24.160,success,1.008,46.850,99.000,703736,0.410,46.440,46.890,success,41.060,96.000,696300,0.450,40.610,42.420,43.610,102.000,696300,0.670,42.940,42.500,0.062,2.530,5.000,315972,0.210,2.320,42.490,0.454,success,1.002
cd1585619fea2f2634525a3663873764,2.758,1.170,2.385,1.012,128.150,99.000,5718064,3.640,124.510,128.160,success,162.700,46.000,5724820,4.060,158.640,353.150,395.600,111.000,16779240,8.120,387.480,353.410,232.880,65.000,16779240,4.050,228.830,353.400,1.431,2.931,success,1.001,148.110,99.000,5714620,4.510,143.600,148.190,success,141.500,94.000,5806824,4.200,137.300,149.420,152.990,102.000,5806824,5.200,147.790,149.980,0.081,11.470,7.000,2043952,0.990,10.480,149.980,0.352,success,1.004
cda0871abcaa41bb403207731bd24fe5,1.010,0.998,0.994,0.982,1369.540,100.000,155776,0.480,1369.060,1369.540,success,1374.390,99.000,154176,2.230,1372.160,1383.300,1694.930,122.000,16779064,7.510,1687.420,1383.780,320.510,23.000,16779064,5.270,315.240,1383.780,0.233,108.831,success,1.000,1389.770,99.000,154140,1.990,1387.780,1391.600,success,1366.920,99.000,155580,1.320,1365.600,1367.160,1396.040,102.000,162196,2.130,1393.910,1367.200,0.021,29.110,2.000,162196,0.810,28.300,1367.200,1.043,success,1.000
cdcdc78497a72d622493b1bac4f0f28b,2.702,1.269,2.306,1.083,177.480,99.000,277208,0.590,176.890,177.500,success,266.460,55.000,344952,1.970,264.490,479.170,704.360,146.000,16779132,6.400,697.960,479.650,437.870,91.000,16779132,4.420,433.450,479.640,1.643,48.642,success,1.001,207.720,99.000,290196,2.240,205.480,207.980,success,206.630,91.000,289940,1.470,205.160,225.250,239.380,106.000,289940,2.370,237.010,225.290,0.158,32.720,14.000,169100,0.880,31.840,225.290,0.583,success,1.000
d0ee45ac97c6b5cc63a528f46a5797aa,2.200,1.164,1.689,0.893,160.160,99.000,4177128,3.400,156.760,160.190,success,209.790,59.000,4249292,3.790,206.000,352.110,397.320,112.000,16779200,7.720,389.600,352.470,187.530,53.000,16779200,3.930,183.600,352.470,0.894,3.949,success,1.001,208.600,99.000,4234832,3.580,205.020,208.700,success,176.700,95.000,4226240,3.680,173.020,186.010,190.240,102.000,4226240,4.580,185.660,186.390,0.077,13.520,7.000,1733556,0.890,12.630,186.390,0.410,success,1.002
d1dbf88a58406c931fd696267ed8159e,1.955,1.162,1.635,0.971,51.870,99.000,1857384,1.250,50.620,51.890,success,66.260,65.000,1875976,1.340,64.920,101,125.950,124.000,16779452,4.630,121.320,101.470,59.680,58.000,16779452,3.290,56.390,101.470,0.901,8.944,success,1.005,62.010,99.000,1876292,1.250,60.760,62.070,success,57.220,95.000,1876172,1.460,55.760,60.200,62.350,103.000,1876172,1.870,60.480,60.300,0.089,5.110,8.000,835036,0.400,4.710,60.300,0.445,success,1.002
d3c22bb79a638adc35682226f35e3bc4,1.398,1.257,1.316,1.183,203.310,99.000,563256,0.930,202.380,203.330,success,257.460,90.000,596448,1.140,256.320,283.790,363.000,127.000,16779116,4.730,358.270,284.280,105.530,37.000,16779116,3.580,101.950,284.270,0.410,28.132,success,1.002,215.780,99.000,600648,1.270,214.510,216.040,success,251.110,98.000,590548,0.810,250.300,255.440,262.180,102.000,590548,1.280,260.900,255.550,0.044,11.050,4.000,241048,0.460,10.590,255.550,0.408,success,1.000
d518d21a9d851741940749cb59f558af,1.111,1.015,1.060,0.969,2903.600,100.000,186524,0.350,2903.250,2903.570,success,3060.440,94.000,189336,7.380,3053.060,3224.640,4359.510,135.000,16778960,15.330,4344.180,3225.130,1299.060,40.000,16778960,7.950,1291.110,3225.110,0.424,88.620,success,1.000,3036.860,99.000,234476,9.240,3027.620,3041.300,success,2942.300,99.000,181704,3.950,2938.350,2947.080,3032.010,102.000,1103472,7.220,3024.790,2947.220,0.030,89.690,3.000,1103472,3.260,86.430,2947.220,6.073,success,1.000
d6c845a5f92ebc059b3f0ab2f6d395ed,1.136,1.068,1.052,0.990,344.080,99.000,2408588,7.070,337.010,344.100,success,364.590,93.000,2408092,6.350,358.240,390.340,475.480,121.000,16779160,9.940,465.540,390.740,110.860,28.000,16779160,3.580,107.280,390.740,0.304,6.968,success,1.001,371.170,99.000,2408392,7.130,364.040,371.450,success,364.850,99.000,2408080,8.100,356.750,367.380,376.010,102.000,2408080,8.570,367.440,367.640,0.031,11.150,3.000,769924,0.460,10.690,367.640,0.320,success,1.001
d702aa8568706efda8308ef8d24f907b,1.036,1.001,1.049,1.013,589.810,99.000,74604,0.120,589.690,589.840,success,603.080,98.000,77124,1.950,601.130,610.840,887.660,145.000,16778992,5.990,881.670,611.290,284.560,46.000,16778992,4.030,280.530,611.280,0.472,217.559,success,1.001,581.940,99.000,81572,1.960,579.980,582.900,success,589.220,99.000,80492,0.990,588.230,590.500,618.140,104.000,151424,1.590,616.550,590.530,0.049,28.920,4.000,151424,0.600,28.320,590.530,1.881,success,1.000
d7039acbd2f060fe1e32a273b07c2c77,2.254,1.307,2.009,1.165,876.500,99.000,853676,2.130,874.370,876.530,success,1367.600,69.000,899068,6.360,1361.240,1974.970,2533.590,128.000,16779052,14.700,2518.890,1975.410,1165.970,59.000,16779052,8.330,1157.640,1975.410,0.853,18.663,success,1.000,982.500,99.000,882404,6.820,975.680,983.220,success,1087.120,94.000,874212,4.590,1082.530,1145.170,1198.930,104.000,874212,7.790,1191.140,1145.310,0.103,111.810,9.000,773472,3.200,108.610,1145.300,0.885,success,1.000
d78819115db81dee343d7777fbc5844f,1.082,1.072,1.099,1.089,450.190,99.000,2369580,12.310,437.880,450.200,success,464.890,95.000,2329520,10.850,454.040,486.820,569.420,116.000,16779132,14.310,555.110,487.260,104.520,21.000,16779132,3.460,101.060,487.260,0.225,7.203,success,1.001,443.010,99.000,2329064,10.150,432.860,443.230,success,481.370,99.000,2368384,12.640,468.730,482.370,491.360,101.000,2368384,13.250,478.110,482.780,0.021,9.970,2.000,956164,0.600,9.370,482.780,0.404,success,1.001
d8602e623f87dd33f4a1a69ee42d15be,1.253,0.905,1.419,1.024,175.170,100.000,345808,0.390,174.780,175.180,success,170.760,77.000,274808,1.340,169.420,219.080,327.860,149.000,16779064,5.240,322.620,219.580,157.090,71.000,16779064,3.900,153.190,219.570,0.920,61.057,success,1.002,154.460,99.000,274860,1.250,153.210,154.750,success,153.000,96.000,274972,0.840,152.160,158.450,166.330,104.000,274972,1.330,165.000,158.480,0.087,13.320,8.000,154352,0.480,12.840,158.480,0.561,success,1.000
d8bb23406e76bf5a4b7a6edba8784a74,1.925,1.125,1.759,1.028,168.810,99.000,2800332,2.460,166.350,168.820,success,215.570,66.000,2800884,2.610,212.960,324.540,379.040,116.000,16779172,6.500,372.540,324.940,163.460,50.000,16779172,3.890,159.570,324.940,0.758,5.991,success,1.001,184.530,99.000,2800452,2.490,182.040,184.680,success,180.450,95.000,2800912,2.870,177.580,189.770,193.950,102.000,2800912,3.590,190.360,189.910,0.075,13.490,7.000,1184264,0.720,12.770,189.910,0.423,success,1.001
dd0196aee30d0a83b6fe8bc7eba01806,1.815,1.140,1.535,0.964,165.200,99.000,4235096,4.010,161.190,165.210,success,201.160,67.000,4297604,3.960,197.200,299.460,348.000,116.000,16779428,7.900,340.100,299.860,146.820,48.000,16779428,3.930,142.890,299.850,0.730,3.904,success,1.001,195.230,99.000,4298096,4.040,191.190,195.340,success,181.350,96.000,4297892,4.580,176.770,188.200,192.220,102.000,4297892,5.360,186.860,188.400,0.060,10.850,5.000,1623692,0.770,10.080,188.400,0.378,success,1.001
ddcb0cd9b7bca43c3a5189326ae88aab,,1.249,,1.169,555.730,100.000,9080664,8.240,547.490,555.740,success,162.830,13.000,7575608,3.860,158.970,1183.410,1051.270,88.000,16779332,3.970,1047.300,1183.270,1051.270,88.000,16779332,3.970,1047.300,1183.270,,,failed,,593.420,99.000,9536036,10.300,583.120,593.720,success,657.670,94.000,9546812,9.060,648.610,693.120,708.000,102.000,9546812,11.330,696.670,694.060,0.076,50.310,7.000,3728364,2.260,48.050,694.060,0.391,success,1.001
e02e21075d3bb8b0e64ea9b8122c75ff,1.110,1.032,1.082,1.006,45.690,99.000,32480,0.010,45.680,45.700,success,49.550,98.000,31460,0.240,49.310,50.220,79.200,156.000,16778916,3.240,75.960,50.730,29.640,58.000,16778916,3.000,26.640,50.720,0.598,533.341,success,1.010,46.820,99.000,32516,0.270,46.550,46.890,success,46.750,99.000,31508,0.110,46.640,47.150,49.950,105.000,31508,0.200,49.750,47.160,0.068,3.180,6.000,26680,0.080,3.100,47.160,0.847,success,1.000
e436f6303d3f499969eafe05b0914a4b,1.381,1.112,1.112,0.896,805.700,99.000,8101124,6.100,799.600,805.740,success,962.400,86.000,8183112,6.860,955.540,1112.640,1312.870,117.000,16779024,11.340,1301.530,1112.960,350.460,31.000,16779024,4.480,345.980,1112.950,0.364,2.050,success,1.000,999.900,99.000,8181524,8.670,991.230,1000.690,success,875.350,97.000,8181948,7.450,867.900,895.550,916.180,102.000,8181948,8.680,907.500,896.350,0.047,40.810,4.000,2899592,1.220,39.590,896.340,0.354,success,1.001
e47567e16e4aeb4d8f3806dfbfdfd646,2.009,1.442,1.683,1.208,1022.040,99.000,818120,2.190,1019.850,1022.080,success,1476.620,71.000,845524,6.560,1470.060,2053,2618.100,127.000,16779516,14.700,2603.400,2053.440,1141.470,55.000,16779516,8.140,1133.330,2053.440,0.773,19.845,success,1.000,1218.980,99.000,826004,7.790,1211.190,1220.030,success,1413.260,95.000,825760,5.180,1408.080,1473.750,1531.900,103.000,825760,8.140,1523.760,1473.910,0.084,118.630,8.000,795260,2.960,115.670,1473.910,0.963,success,1.000
e55a49d8065d65650f24c0f3ecef30b6,1.022,1.022,1.028,1.027,265.920,100.000,121916,0.140,265.780,265.920,success,269.030,99.000,122716,0.530,268.500,271.270,340.150,125.000,16779016,4.690,335.460,271.760,71.100,26.000,16779016,4.150,66.950,271.760,0.264,136.730,success,1.002,264.040,99.000,122812,0.610,263.430,264.380,success,271.520,99.000,122668,0.290,271.230,271.610,277.240,102.000,122668,0.560,276.680,271.640,0.021,5.700,2.000,61024,0.260,5.440,271.630,0.497,success,1.000
e5f5dbace0183455d167a88100312c34,1.110,1.067,0.984,0.946,659.870,100.000,4066532,9.320,650.550,659.880,success,675.500,92.000,4094848,7.950,667.550,732.230,762.010,104.000,16778964,11.640,750.370,732.510,86.480,11.000,16778964,3.680,82.800,732.500,0.128,4.098,success,1.000,744.080,99.000,4074416,7.720,736.360,744.220,success,701.170,99.000,3979004,9.720,691.450,703.380,706.950,100.000,3979004,10.400,696.550,704.260,0.008,5.780,0.000,1332032,0.680,5.100,704.260,0.335,success,1.001
e7c0d40392681b1a55d5d3c826a26766,1.307,1.049,1.194,0.959,155.160,100.000,3418540,6.670,148.490,155.170,success,171.240,84.000,3418476,6.230,165.010,202.510,224.400,110.000,16778960,9.520,214.880,202.790,53.140,26.000,16778960,3.280,49.860,202.780,0.310,4.908,success,1.001,169.730,99.000,3419832,5.420,164.310,169.780,success,161.210,99.000,3443616,7.770,153.440,162.570,165.170,101.000,3443616,8.050,157.120,162.780,0.025,3.950,2.000,968256,0.280,3.670,162.770,0.281,success,1.001
eb659cd21250abdc8c9cec49073c32c6,3.326,1.029,3.124,0.967,250.230,99.000,6603196,4.260,245.970,250.230,success,285.370,34.000,6704896,5.390,279.980,832.220,898.550,107.000,16779236,10.140,888.410,832.250,613.150,73.000,16779236,4.730,608.420,832.240,2.149,2.503,success,1.000,266.320,99.000,6875720,5.100,261.220,266.420,success,240.980,93.000,6855532,4.870,236.110,256.740,263.270,102.000,6855532,6.220,257.050,257.550,0.092,22.270,8.000,2420960,1.340,20.930,257.540,0.353,success,1.003
efc1b836380d0f84e7512f7b2ccdbb60,1.063,1.021,1.030,0.990,2468.650,100.000,173976,0.260,2468.390,2468.650,success,2571.010,98.000,140956,7.600,2563.410,2623.160,3715.260,141.000,16779016,15.550,3699.710,2623.600,1144.250,43.000,16779016,7.950,1136.300,2623.600,0.445,119.037,success,1.000,2543.090,99.000,168948,7.720,2535.370,2547.130,success,2518.880,99.000,149352,3.520,2515.360,2520.970,2607.500,103.000,568960,5.860,2601.640,2521.050,0.035,88.610,3.000,568960,2.340,86.270,2521.050,3.810,success,1.000
f64806fd4fe79f1efaefa7ce68d93ee1,1.075,1.032,1.019,0.978,532.890,100.000,98252,0.140,532.750,532.890,success,567.210,99.000,113692,0.710,566.500,572.350,687.480,120.000,16779040,5.080,682.400,572.800,120.260,20.000,16779040,4.370,115.890,572.800,0.212,147.583,success,1.001,561.350,99.000,100648,0.670,560.680,562.010,success,549.390,99.000,113632,0.490,548.900,549.870,559.420,101.000,113632,0.850,558.570,549.900,0.018,10.020,1.000,89656,0.360,9.660,549.900,0.789,success,1.000
f8ad493b11bf0692c1f3919642cebdb1,1.081,1.054,1.050,1.023,426.980,99.000,76460,0.080,426.900,426.990,success,453.650,98.000,75792,1.970,451.680,460.980,699.640,151.000,16778936,5.910,693.730,461.440,245.970,53.000,16778936,3.930,242.040,461.440,0.542,221.381,success,1.001,438.940,99.000,74892,2.080,436.860,439.620,success,447.980,99.000,76700,1.060,446.920,449.880,473.460,105.000,155560,1.740,471.720,449.910,0.057,25.460,5.000,155560,0.670,24.790,449.910,2.028,success,1.000
fa88b447f6b41b04686085480678affe,,1.465,,1.416,25.710,99.000,19001000,4.390,21.320,25.720,success,,,,,,,1511.450,99.000,16779108,3.590,1507.860,1512.520,1511.450,99.000,16779108,3.590,1507.860,1512.520,,,failed,,26.600,99.000,19001144,4.010,22.590,26.610,success,27.940,80.000,18999984,4.130,23.810,34.900,39.870,105.000,18999984,6.590,33.280,37.680,0.426,11.910,31.000,11675960,2.450,9.460,37.670,0.615,success,1.080
fbf3b9f8a03a1efedae3da04622fe96e,1.034,1.027,1.029,1.022,922.750,99.000,93040,0.050,922.700,922.790,success,945.360,99.000,111108,2.220,943.140,953.500,1352.340,141.000,16779032,6.550,1345.790,953.950,406.960,42.000,16779032,4.320,402.640,953.950,0.430,151.016,success,1.000,925.090,99.000,93488,2.510,922.580,926.680,success,946.990,99.000,94032,1.170,945.820,947.430,981.550,103.000,152876,1.940,979.610,947.470,0.036,34.550,3.000,152876,0.770,33.780,947.470,1.626,success,1.000
fe800e62b55609cb152965c223e72280,1.192,1.152,1.066,1.030,57.220,100.000,28120,0.030,57.190,57.220,success,66.500,98.000,30936,0.340,66.160,67.720,104.210,152.000,16778944,3.530,100.680,68.200,37.690,55.000,16778944,3.180,34.510,68.200,0.567,542.376,success,1.007,63.850,99.000,27160,0.280,63.570,63.980,success,65.610,99.000,26920,0.110,65.500,65.900,69.670,105.000,26920,0.220,69.450,65.910,0.062,4.050,6.000,23672,0.100,3.950,65.910,0.879,success,1.000
